{"cameraMode":{"drawMode":0,"name":"Shaded","section":"Shading Mode"},"sceneLighting":true,"audioPlay":false,"sceneViewState":{"showFog":true,"showMaterialUpdate":false,"showSkybox":true,"showFlares":true,"showImageEffects":true,"showParticleSystems":true},"in2DMode":false,"pivot":{"x":-139.949951171875,"y":-328.97283935546877,"z":474.14532470703127},"rotation":{"x":0.22487929463386537,"y":-0.6266432404518127,"z":0.19570331275463105,"w":0.7200945019721985},"size":2135.373046875,"orthographic":false}